# frames,mean_ms,median_ms,p95_ms,max_ms,min_ms
# 600,0.2444,0.1747,0.3388,9.6453,0.0488
frame,cpu_ms
0,0.2102
1,0.2108
2,0.1557
3,0.1908
4,0.2017
5,0.2537
6,0.1611
7,0.2403
8,0.2886
9,0.3312
10,0.3620
11,0.6671
12,0.2110
13,0.3399
14,0.2726
15,0.4707
16,0.2662
17,0.2927
18,0.2094
19,0.2116
20,0.1709
21,0.1804
22,0.2868
23,0.3311
24,0.1973
25,0.2341
26,0.1792
27,0.2134
28,0.1772
29,0.2044
30,0.2473
31,0.2339
32,0.1759
33,0.1299
34,0.1951
35,0.2775
36,0.4282
37,0.2430
38,0.2109
39,0.2450
40,0.2042
41,0.1912
42,0.2385
43,0.2348
44,0.2701
45,0.2255
46,0.1875
47,0.3118
48,0.1565
49,0.2171
50,0.2373
51,0.2948
52,0.1938
53,0.2615
54,0.1935
55,0.1916
56,0.2236
57,0.2048
58,0.2346
59,0.2333
60,0.2565
61,0.2781
62,0.3014
63,0.1609
64,0.2174
65,0.2101
66,0.3262
67,0.4212
68,0.4266
69,0.2508
70,0.1764
71,9.6025
72,0.1837
73,0.1861
74,0.3012
75,0.4335
76,0.2032
77,0.2500
78,0.2004
79,0.2791
80,0.2320
81,0.2646
82,0.2126
83,0.2892
84,0.2327
85,0.2168
86,0.2184
87,0.2826
88,0.2572
89,0.2769
90,0.2518
91,0.2852
92,0.2080
93,0.2129
94,0.2957
95,0.2349
96,0.1675
97,0.3388
98,0.3093
99,0.2301
100,0.2555
101,0.2354
102,0.2320
103,0.2295
104,0.2197
105,0.3560
106,0.1900
107,0.2768
108,0.2125
109,0.1829
110,0.5980
111,0.3105
112,0.2292
113,0.2722
114,0.2604
115,0.2308
116,1.1654
117,0.3376
118,0.2407
119,0.2165
120,0.3180
121,0.2181
122,0.1635
123,0.3306
124,0.2566
125,0.1388
126,0.3468
127,0.2502
128,0.2709
129,0.1859
130,0.2281
131,0.2701
132,0.2985
133,0.3456
134,0.2753
135,0.2749
136,0.2073
137,0.1984
138,0.2232
139,0.2563
140,0.2064
141,0.1771
142,0.3435
143,0.2351
144,0.3877
145,0.1571
146,0.1819
147,0.2275
148,0.3302
149,0.3757
150,0.2532
151,0.2349
152,0.1178
153,0.1212
154,0.1637
155,0.1260
156,0.2029
157,0.1782
158,0.1833
159,0.3306
160,0.3186
161,0.2171
162,0.1717
163,0.2254
164,0.1719
165,0.2577
166,0.2157
167,0.3960
168,0.5219
169,0.1737
170,0.1653
171,0.1735
172,0.2769
173,0.1484
174,0.1310
175,0.1946
176,0.2161
177,0.1809
178,0.2338
179,0.1581
180,0.2477
181,0.1770
182,0.1831
183,0.1507
184,0.1542
185,0.3196
186,0.2620
187,0.2728
188,0.1511
189,0.1486
190,0.1228
191,1.1800
192,0.2036
193,0.1607
194,0.3229
195,0.3258
196,0.1735
197,0.2355
198,0.2433
199,0.2231
200,0.1731
201,0.3080
202,0.2525
203,0.1336
204,0.2623
205,0.2338
206,0.2306
207,0.1907
208,0.3341
209,0.2834
210,0.2289
211,0.3670
212,0.3606
213,0.2353
214,0.2189
215,0.2810
216,0.3385
217,0.2656
218,0.2352
219,0.2385
220,0.2432
221,0.2372
222,0.1560
223,0.1456
224,0.1833
225,0.1948
226,0.1880
227,0.1582
228,0.1897
229,0.2082
230,0.2549
231,0.1319
232,0.1948
233,0.2959
234,0.1873
235,0.1825
236,0.2328
237,0.2358
238,0.1854
239,0.3380
240,0.2349
241,0.2296
242,0.2374
243,0.1512
244,0.1409
245,0.1691
246,0.2791
247,0.2002
248,0.2425
249,0.2463
250,0.1899
251,0.1761
252,0.2217
253,0.1586
254,0.1976
255,0.1433
256,0.1606
257,0.1264
258,0.1557
259,0.1565
260,0.1297
261,0.1975
262,0.1318
263,0.1409
264,0.1522
265,0.1408
266,0.1320
267,0.1332
268,0.1436
269,0.1787
270,0.2958
271,0.1756
272,0.1845
273,0.1249
274,0.2145
275,0.2362
276,0.3268
277,0.1744
278,0.2026
279,0.1359
280,0.2293
281,0.2143
282,0.3009
283,0.2019
284,0.3747
285,0.3276
286,0.2821
287,0.2080
288,0.1957
289,0.1960
290,0.1747
291,0.1516
292,0.1735
293,0.2250
294,0.2087
295,0.1254
296,0.2013
297,0.1489
298,0.1254
299,0.2287
300,0.1861
301,0.1303
302,0.2432
303,0.1421
304,0.1566
305,0.2067
306,0.1460
307,0.1196
308,0.1614
309,0.1473
310,0.1996
311,8.3676
312,0.2008
313,0.3913
314,0.2526
315,0.3140
316,0.1547
317,0.1547
318,0.3125
319,0.2483
320,0.3106
321,0.1558
322,0.3863
323,0.1732
324,0.2263
325,0.2764
326,0.2386
327,0.1625
328,0.2336
329,0.2052
330,0.2733
331,0.2106
332,0.2235
333,0.2248
334,0.3243
335,0.2940
336,0.1980
337,0.1799
338,0.1610
339,0.1820
340,0.3232
341,0.2176
342,0.2111
343,0.2409
344,0.3320
345,0.2040
346,0.2215
347,0.2279
348,0.0881
349,0.1174
350,0.2046
351,0.1004
352,0.1220
353,0.0943
354,0.1036
355,0.1183
356,0.1054
357,0.0971
358,0.0745
359,0.0605
360,0.1274
361,0.0835
362,0.1084
363,0.0866
364,0.0852
365,0.0748
366,0.2520
367,0.1085
368,0.0912
369,0.0847
370,0.1088
371,0.0863
372,0.1047
373,0.1099
374,0.1577
375,0.1747
376,0.0805
377,0.0807
378,0.0987
379,0.2278
380,0.1242
381,0.1767
382,0.1697
383,0.1021
384,0.1024
385,0.1135
386,0.1066
387,0.1086
388,0.1874
389,0.1078
390,0.1573
391,0.1111
392,0.0985
393,0.0931
394,0.1895
395,0.1254
396,0.2300
397,0.2017
398,0.0935
399,0.1130
400,0.0850
401,0.1265
402,0.1811
403,0.1166
404,0.3369
405,0.1505
406,0.1015
407,0.3818
408,0.1034
409,0.1564
410,0.1222
411,0.1045
412,0.1021
413,0.1336
414,0.1147
415,0.0792
416,0.1341
417,0.1098
418,0.0947
419,0.1422
420,0.1181
421,0.0991
422,0.1039
423,0.1017
424,0.0897
425,0.1245
426,0.0909
427,0.0837
428,0.1390
429,0.3149
430,0.1775
431,8.9723
432,0.1854
433,0.1650
434,0.1499
435,0.1028
436,0.1344
437,0.1016
438,0.1070
439,0.0716
440,0.0745
441,0.0553
442,0.0629
443,0.0615
444,0.0945
445,0.2811
446,0.1567
447,0.1995
448,0.0936
449,0.1114
450,0.1309
451,0.0987
452,0.1044
453,0.0935
454,0.1078
455,0.0954
456,0.1379
457,0.1512
458,0.0987
459,0.1431
460,0.0988
461,0.0955
462,0.1052
463,0.0790
464,0.1242
465,0.1726
466,0.2078
467,0.1153
468,0.0956
469,0.1164
470,0.1018
471,0.1032
472,0.1904
473,0.1160
474,0.1514
475,0.0995
476,0.0602
477,0.0893
478,0.0488
479,0.0550
480,0.1288
481,0.2383
482,0.1012
483,0.1610
484,0.1273
485,0.1222
486,0.0931
487,0.1147
488,0.0948
489,0.1064
490,0.0862
491,0.1044
492,0.1195
493,0.0815
494,0.0971
495,0.1679
496,0.1103
497,0.1411
498,0.1232
499,0.0578
500,0.0944
501,0.1416
502,0.1713
503,0.1048
504,0.2174
505,0.1537
506,0.1410
507,0.1063
508,0.1813
509,0.0923
510,0.1354
511,0.1146
512,0.1220
513,0.1023
514,0.0988
515,0.1374
516,0.0858
517,0.0726
518,0.0622
519,0.0547
520,0.0727
521,0.0553
522,0.0667
523,0.1146
524,0.0736
525,0.0781
526,0.0958
527,0.1149
528,0.1052
529,0.0984
530,0.0915
531,0.0999
532,0.1859
533,0.0992
534,0.0899
535,0.0693
536,0.0986
537,0.0759
538,0.0846
539,0.0800
540,0.0914
541,0.0827
542,0.0595
543,0.0752
544,0.0623
545,0.1480
546,0.0803
547,0.1221
548,0.0747
549,0.0736
550,0.0643
551,9.6453
552,0.1031
553,0.1165
554,0.1293
555,0.0921
556,0.0813
557,0.0676
558,0.0701
559,0.0511
560,0.0871
561,0.0595
562,0.0845
563,0.1134
564,0.1037
565,0.1457
566,0.1100
567,0.1070
568,0.0948
569,0.1352
570,0.1273
571,0.0677
572,0.0649
573,0.1443
574,0.1069
575,0.0916
576,0.0715
577,0.0617
578,0.0566
579,0.0626
580,0.0630
581,0.0613
582,0.0501
583,0.0625
584,0.0608
585,0.0740
586,0.1093
587,0.1331
588,0.0845
589,0.0701
590,0.1838
591,0.1126
592,0.1156
593,0.0848
594,0.0906
595,0.0901
596,0.0975
597,0.0817
598,0.0822
599,0.1128
